Feature,Importance
C_C_H_sum,0.009361375586076444
C_C_volume_mean,0.006135298399321753
C_N_kappa_min_sum,0.005731548709156401
C_C_kappa_min_sum,0.005290451958819316
C_O_volume_mean,0.004767063006479633
C_O_volume_max,0.0042029273833002695
H_C_volume_mean,0.004173348620994644
H_O_kappa_max_sum,0.004065476131681316
C_N_surface_area_median,0.0037886304263237444
H_N_volume_median,0.0037820163981950494
N_N_volume_sum,0.0036878612714242387
N_N_surface_area_sum,0.0036543791371645455
H_C_surface_area_max,0.003589989773157093
C_N_volume_min,0.003561200440754959
C_N_volume_sum,0.0034303939986033514
C_C_volume_min,0.00335983857805836
C_S_kappa_max_sum,0.00330511782868507
H_C_volume_max,0.0032776803889703185
C_N_surface_area_min,0.003179656380628058
H_N_volume_min,0.00311690577038946
C_O_surface_area_median,0.0030593213848717905
C_C_volume_max,0.003040614344414366
H_C_kappa_min_sum,0.003038888848129356
H_O_volume_median,0.0029869915091143427
N_O_surface_area_max,0.002960482499073765
C_C_volume_median,0.0029388164172971993
C_O_volume_median,0.002832979708551095
H_C_surface_area_median,0.0028169196445065477
C_N_kappa_max_sum,0.0027885863797997962
C_O_kappa_max_sum,0.0027684123445517123
N_C_volume_sum,0.002760781603120563
H_N_kappa_max_sum,0.0027578094140760785
C_N_volume_mean,0.0027318860049031315
C_O_surface_area_min,0.0026438681935175143
H_C_volume_sum,0.0026127436864359734
C_O_H_sum,0.0025775431989588306
N_O_volume_std,0.0025612333523394744
H_O_volume_max,0.0025316162683076127
H_C_surface_area_sum,0.0025279362706203826
C_N_surface_area_std,0.002525889736996984
N_N_surface_area_median,0.0024569117999427184
N_C_surface_area_mean,0.0024549589900242108
H_C_volume_min,0.0024455918375129925
H_C_surface_area_min,0.002406891469768518
N_O_kappa_max_mean,0.0023977040883438744
C_N_volume_std,0.0023643385786229656
C_N_volume_max,0.0023060976455654175
N_O_volume_mean,0.002276305931273573
C_N_H_sum,0.002250869850756923
C_N_kappa_max_median,0.002248901466082828
N_O_surface_area_min,0.0022482087293015257
C_O_kappa_min_sum,0.002221494994194334
O_N_kappa_max_sum,0.0022106029848303265
H_N_surface_area_max,0.002181686765336916
H_C_surface_area_mean,0.0021745675135762025
S_O_K_min,0.0021676066767833987
N_O_surface_area_std,0.0021652575360464727
C_C_kappa_max_sum,0.0021637699289960926
N_O_volume_median,0.0021624958778358
H_N_kappa_min_max,0.002153980364204293
H_O_surface_area_max,0.002153190544898759
C_O_H_max,0.0021446528698409336
N_C_surface_area_sum,0.002133420088624349
H_C_kappa_min_std,0.0021224896666074936
H_C_volume_median,0.002121047345536482
C_O_volume_sum,0.0021078234803709483
C_N_kappa_min_median,0.0021058140985076627
C_O_volume_min,0.0020920401748811307
C_C_surface_area_min,0.0020588453278145295
H_C_H_median,0.002053149716729137
H_N_surface_area_median,0.0020338720869286235
C_N_kappa_min_max,0.0020290927501652157
N_N_volume_mean,0.002027984483601626
C_N_H_min,0.0020188703977745805
C_C_surface_area_median,0.0020018733374579357
O_C_kappa_max_max,0.0019942360070114235
C_N_kappa_max_min,0.0019798409309849173
H_N_volume_std,0.001977830883638632
O_C_H_median,0.001973937979856914
C_N_H_median,0.0019559865673760336
C_O_H_min,0.00194322776272956
H_O_kappa_min_median,0.001934350668676609
O_C_kappa_max_min,0.0019190577816442216
O_C_kappa_min_max,0.0019185497002294604
N_C_K_median,0.0019173266434478755
C_C_surface_area_max,0.0019109748094620377
H_N_surface_area_mean,0.0018809004443954293
C_C_surface_area_std,0.0018758267257926557
C_N_kappa_min_min,0.0018755963545882557
C_C_H_min,0.0018725194976878864
N_C_volume_median,0.001869998886159778
C_O_kappa_max_median,0.0018546386770507933
H_O_kappa_max_max,0.0018505710046465133
O_O_kappa_min_median,0.0018494871815954075
H_S_kappa_max_sum,0.0018489826416110268
C_N_H_max,0.0018463052721089466
C_N_surface_area_max,0.0018430495698618858
H_N_K_median,0.0018340016573952366
C_C_K_median,0.0018303835627105451
C_C_surface_area_sum,0.001827668931079254
H_O_surface_area_median,0.001822129433783241
C_C_H_max,0.0018147517532697403
O_O_H_min,0.0018127143170188875
N_O_kappa_max_max,0.0018106059663897556
N_C_K_min,0.0018030019817432497
H_C_surface_area_std,0.0017968425107046501
O_C_K_max,0.0017946683939429257
C_O_kappa_min_max,0.0017940504007063003
C_C_kappa_max_std,0.0017817058868026456
S_O_H_min,0.0017794293246944635
H_C_kappa_max_std,0.0017665228261234563
H_O_volume_std,0.001764551726608785
H_O_volume_mean,0.0017620601287977398
O_C_surface_area_min,0.0017578571616904894
C_C_kappa_min_median,0.0017576009964141999
N_N_surface_area_mean,0.0017572797604704657
H_O_kappa_min_std,0.0017564028452737252
O_C_kappa_max_sum,0.0017529339541852594
O_N_kappa_max_mean,0.001742087948957508
C_O_kappa_max_min,0.0017396682426900542
H_O_kappa_max_std,0.0017386890981692406
O_N_surface_area_mean,0.0017361593658322776
C_C_kappa_min_max,0.001729758995492314
H_O_K_mean,0.0017271813265710236
C_C_H_median,0.0017260516958722166
C_N_kappa_max_mean,0.001725640160466698
N_O_kappa_max_sum,0.0017233759790561407
N_O_K_max,0.0017092954925642466
C_O_surface_area_sum,0.0017039645354282652
O_O_surface_area_min,0.001696785915063426
C_O_surface_area_max,0.0016956322251112496
C_O_kappa_max_mean,0.001692175595729408
N_O_K_median,0.00168684429807991
O_C_surface_area_std,0.001685484671608705
C_O_kappa_min_median,0.001682061164295763
O_O_kappa_max_median,0.0016808347600001325
C_C_kappa_max_min,0.0016794471533973722
H_C_H_sum,0.0016765410825134199
C_O_kappa_min_mean,0.0016703793391074431
N_C_H_max,0.0016697988079196514
C_C_kappa_min_min,0.001669583530215861
C_O_kappa_min_min,0.0016634693121995085
N_N_volume_max,0.0016627430106141124
N_O_H_max,0.0016604177749140368
C_C_K_std,0.0016569270199969456
O_O_surface_area_median,0.0016562681498524122
C_C_volume_std,0.0016545570097367557
H_C_kappa_max_sum,0.0016528289521025546
H_C_kappa_max_max,0.0016523897602288774
O_C_kappa_max_mean,0.0016463256940085276
O_C_H_sum,0.0016459898484382578
H_C_K_median,0.0016412623799920891
N_N_volume_min,0.0016371749162560998
H_N_kappa_max_max,0.0016326490830407096
N_O_H_median,0.0016314695063159353
O_N_volume_std,0.001630017166248049
C_C_H_std,0.0016299412742900395
N_O_kappa_max_median,0.0016279337154356094
O_N_surface_area_min,0.0016275599441647308
N_N_surface_area_std,0.0016272669628161855
O_N_kappa_min_min,0.001624071082173266
N_N_surface_area_min,0.001615969504087657
C_C_kappa_max_median,0.0016114703041176426
H_O_kappa_min_mean,0.0016090688437774706
N_O_kappa_max_std,0.0016060660673754474
H_N_volume_max,0.0016037312958026352
H_N_kappa_max_median,0.0016019832103204479
H_C_kappa_min_median,0.0015998632474111263
O_N_kappa_max_max,0.0015984392460128792
N_C_volume_mean,0.001596201388700352
O_C_K_sum,0.0015953224400163096
C_O_kappa_min_std,0.0015950706516277028
O_C_K_mean,0.001589413505208748
N_C_K_max,0.0015881977423494462
C_S_H_sum,0.0015878183016113472
C_N_K_median,0.0015871011466744188
H_O_surface_area_sum,0.0015862371167564338
H_O_H_mean,0.0015856993111963364
C_N_K_sum,0.0015854047293730464
N_C_kappa_min_max,0.0015840366128253584
N_O_kappa_max_min,0.0015836793800585126
O_N_surface_area_median,0.0015825511344365129
O_C_K_min,0.001575987355934526
N_O_kappa_min_median,0.0015758532739030833
N_O_kappa_min_max,0.0015755995292644823
C_N_kappa_max_max,0.0015754317861559001
O_S_H_sum,0.001568998443676262
C_O_surface_area_std,0.00155965404063543
O_C_H_mean,0.0015579240244999743
N_O_K_mean,0.0015571358653961426
O_N_kappa_min_median,0.0015567469453161824
O_N_K_median,0.0015555064144909224
H_C_kappa_min_mean,0.0015545355316544027
C_C_K_mean,0.0015537383234218065
C_C_K_max,0.0015521340459254396
C_C_H_mean,0.0015494635684896823
H_O_kappa_max_mean,0.0015477198220952544
O_O_H_max,0.0015474659667894953
H_C_kappa_max_min,0.001547324701911355
C_O_K_mean,0.001542806648945002
O_C_volume_std,0.0015392090227914895
H_N_volume_sum,0.001538857029494672
O_N_kappa_min_max,0.0015383810798509328
O_C_kappa_min_sum,0.0015381183942341243
H_C_kappa_max_mean,0.0015343891784724815
H_C_K_min,0.0015291424500783661
H_O_surface_area_min,0.0015268621909092618
O_N_kappa_max_median,0.0015268075413393683
C_O_volume_std,0.0015258930093783553
O_O_K_mean,0.0015253377486309906
C_C_kappa_max_max,0.0015235567917308334
O_O_kappa_min_sum,0.0015213676324990339
H_N_surface_area_std,0.0015195002452519364
O_O_kappa_max_sum,0.0015180720224206494
H_C_H_max,0.0015157239454810126
N_C_surface_area_min,0.0015135405114249268
O_O_K_min,0.001513054679037296
H_N_surface_area_sum,0.001511301406379488
H_O_kappa_max_median,0.0015103802746457451
N_C_kappa_max_mean,0.0015063905427466235
H_O_H_max,0.0015010602018726217
H_O_K_sum,0.0014967801605192232
O_O_K_max,0.0014955827229151673
N_O_surface_area_mean,0.0014955103331134954
O_N_K_std,0.0014897529216992438
O_O_kappa_max_min,0.0014889110593841513
C_N_H_std,0.0014877451277874386
H_N_kappa_max_std,0.0014875855641581677
H_C_kappa_min_max,0.0014855809729283293
O_O_kappa_min_max,0.0014841642564592673
O_C_kappa_min_min,0.001483876394305599
N_N_H_max,0.0014827386383706458
H_O_volume_min,0.0014823748214183629
N_N_kappa_max_median,0.0014815306855526546
O_O_H_sum,0.0014800704089170183
O_S_kappa_max_std,0.001478772395486321
O_N_kappa_min_sum,0.0014747772177882478
H_O_K_max,0.0014728775745184272
N_N_K_median,0.0014693631772961832
H_O_H_median,0.001469308496192699
H_C_kappa_max_median,0.001467726599250051
C_O_H_std,0.0014666744528176667
O_S_H_max,0.0014663832960534415
C_N_K_min,0.001462720310203289
H_C_K_max,0.0014582086769643183
H_N_kappa_max_mean,0.0014551127273934516
O_O_H_median,0.0014541514070187645
H_N_H_max,0.0014540664802839443
N_C_kappa_max_max,0.001453951935656817
O_N_surface_area_sum,0.0014536889135259611
O_N_volume_median,0.001452031187248494
C_O_K_median,0.0014506010182022727
O_N_surface_area_std,0.0014491485960729667
O_O_K_sum,0.001448575611344488
O_C_surface_area_sum,0.0014471311093653455
H_O_H_std,0.0014437083126708195
H_C_kappa_min_min,0.0014411230389874891
N_O_K_std,0.0014386825970051755
N_O_kappa_min_mean,0.0014326888490537135
O_S_kappa_min_sum,0.0014325647119730399
H_O_kappa_min_min,0.001429101693676809
H_C_volume_std,0.001418303076083607
N_O_H_sum,0.0014166935006645145
O_O_K_median,0.0014086100412857956
H_C_K_mean,0.0014063269250781194
C_O_kappa_max_max,0.0014050331100568902
H_O_K_median,0.0013970793593657282
O_O_kappa_max_mean,0.001390343470685578
C_C_K_min,0.0013888239593679863
O_O_surface_area_std,0.0013874696690487124
O_N_H_sum,0.001386629744543543
C_S_kappa_min_mean,0.0013789229528646358
H_O_volume_sum,0.0013766483018070308
N_C_kappa_max_sum,0.001371953145345202
C_C_kappa_min_std,0.0013704962279063543
O_C_surface_area_mean,0.0013679196170553235
C_C_volume_sum,0.0013673418683740942
O_N_K_sum,0.0013661865922836977
N_C_volume_std,0.0013660586974533217
C_C_K_sum,0.0013659568511932775
O_O_kappa_max_std,0.0013629150513282252
N_N_volume_std,0.0013628318707412373
N_C_volume_max,0.001361020496914195
H_S_K_mean,0.0013609772052370777
C_N_surface_area_sum,0.0013600120617694572
N_C_H_sum,0.0013586200348892803
C_O_H_mean,0.0013578264793732368
N_O_K_sum,0.001355306962607389
O_O_kappa_max_max,0.0013550212795584908
N_N_H_median,0.0013545468425303553
C_O_K_std,0.0013539197708503116
C_N_K_max,0.001352177960070024
C_S_surface_area_min,0.0013521566961190506
C_S_kappa_min_sum,0.0013516387439726342
H_C_K_sum,0.0013501485624317384
H_C_H_mean,0.0013446227748982835
H_N_surface_area_min,0.0013421165088253102
N_N_kappa_min_median,0.001325979931669357
C_N_H_mean,0.0013256299999532832
H_N_kappa_min_median,0.0013255900366421426
O_N_H_std,0.0013199476829047028
N_C_H_min,0.0013177310338708167
H_O_kappa_min_max,0.0013176537203756491
H_O_H_sum,0.001315109735702806
C_N_surface_area_mean,0.0013116028465273665
H_N_H_mean,0.0013111730758999561
C_O_kappa_max_std,0.001309908163867387
N_N_kappa_max_max,0.00130953377766204
C_S_kappa_max_std,0.0013081852578420204
O_C_H_min,0.001302940113834927
H_S_volume_median,0.0012994749244676427
H_S_kappa_max_min,0.00129772703788857
H_N_K_max,0.0012976103816117197
H_N_H_min,0.0012959387573124456
O_N_kappa_max_std,0.0012958924415840995
C_S_H_mean,0.001290325187340463
C_N_K_std,0.0012893285245644088
C_N_kappa_min_std,0.0012885878966343602
H_O_kappa_max_min,0.0012884181104344547
S_C_kappa_max_sum,0.001286057976926987
O_N_H_median,0.001284528398411026
O_C_kappa_max_std,0.001284337081969941
H_O_K_std,0.0012821283311582681
O_N_K_min,0.0012758179196939324
N_N_kappa_max_min,0.0012746554261509877
O_C_surface_area_median,0.0012715026397180516
O_C_volume_mean,0.0012663523093974602
H_C_H_std,0.0012639130955291015
O_N_H_max,0.0012636902325662864
N_N_kappa_min_max,0.0012633530023651298
N_N_kappa_max_sum,0.0012592155294574587
N_O_K_min,0.0012582500774318086
C_O_H_median,0.0012569936187600606
C_O_surface_area_mean,0.0012568969887748753
N_S_surface_area_median,0.0012564718282340244
O_C_K_std,0.0012521430430568533
H_C_K_std,0.0012494699540263401
O_C_kappa_max_median,0.0012476594851843208
C_S_K_min,0.0012472926541183802
N_N_H_mean,0.0012416456709387804
N_O_surface_area_sum,0.0012405321027789465
O_O_H_mean,0.0012372496814844912
H_N_H_sum,0.0012367161115542096
C_C_surface_area_mean,0.0012358772903443202
O_C_surface_area_max,0.0012358736951555344
O_O_volume_std,0.0012357241479316959
C_N_kappa_min_mean,0.0012339426990847183
H_O_kappa_min_sum,0.0012330095381243474
C_S_kappa_max_median,0.001229041876173387
H_O_surface_area_mean,0.0012283631130912374
H_O_H_min,0.0012278451923757431
H_S_kappa_max_mean,0.0012272705600871376
N_C_kappa_min_median,0.001227248624394038
O_N_kappa_min_mean,0.0012261535523737965
H_N_H_median,0.0012243274530332807
C_N_kappa_max_std,0.0012237655098296897
H_N_K_min,0.0012233105650483241
N_O_volume_max,0.001220676180141205
O_C_kappa_min_mean,0.001220272439089654
H_S_kappa_max_median,0.0012179021373838687
H_N_kappa_min_mean,0.0012156051712890724
N_O_surface_area_median,0.0012149945243018663
H_N_kappa_max_min,0.0012137001677962952
O_N_K_max,0.0012135266760593844
O_C_H_std,0.0012132691184755114
O_O_surface_area_sum,0.0012107699608823975
O_C_H_max,0.0012094828333610353
N_C_H_mean,0.0012088652863979981
O_S_volume_min,0.0012056358678195385
H_O_K_min,0.0012049136293840873
C_S_surface_area_mean,0.0012020620981152543
N_N_kappa_min_mean,0.0012012928751310465
C_S_K_max,0.0012010368539563726
S_N_surface_area_min,0.0011994194838715192
O_N_H_min,0.0011949938166855795
H_S_K_max,0.0011936063635823104
O_N_volume_sum,0.001191991151264391
C_O_K_max,0.0011908018436245695
N_N_K_mean,0.0011893296830441922
O_O_K_std,0.001188665844494648
N_C_kappa_max_min,0.0011872975660513355
C_S_kappa_min_max,0.0011860363521405636
O_N_volume_max,0.001186032521929248
H_N_K_mean,0.0011855342831513416
N_C_kappa_min_min,0.0011847132300519243
N_C_K_sum,0.0011845393763477705
O_O_volume_sum,0.0011834875710719302
N_O_kappa_min_min,0.0011828382484012148
H_S_surface_area_min,0.0011801741878066747
N_S_surface_area_min,0.0011750599917428196
N_N_kappa_min_sum,0.0011716498606940341
N_O_kappa_min_sum,0.001170866540942139
C_S_H_max,0.001168700359114983
O_C_kappa_min_median,0.0011677917490310109
H_N_H_std,0.0011670012287419479
N_N_K_min,0.001161624753990667
H_S_kappa_min_min,0.0011616076460994986
N_C_H_median,0.0011584348642349146
C_C_kappa_max_mean,0.0011564764553361013
H_S_H_sum,0.001155892266595011
H_S_K_sum,0.001155750554531287
C_C_kappa_min_mean,0.0011539610889202607
H_S_kappa_min_mean,0.0011497165558041257
O_S_kappa_max_sum,0.0011485183912875812
O_O_volume_max,0.0011481533228426656
O_O_kappa_min_mean,0.0011467813768086998
O_O_surface_area_max,0.0011442723250817068
C_S_volume_median,0.0011439080212653394
C_O_K_min,0.0011428274567826153
H_C_H_min,0.001140590809690584
N_N_kappa_min_min,0.001139798014208638
O_N_kappa_max_min,0.0011379889735035015
N_C_surface_area_std,0.0011362423193424153
C_S_kappa_max_min,0.0011354944303850296
C_S_surface_area_median,0.0011352782636468177
O_S_K_sum,0.001134787687787204
C_S_volume_max,0.0011345658089797748
O_O_kappa_min_min,0.0011316248925756266
O_N_K_mean,0.0011316233831393215
H_S_H_max,0.00113003578075595
N_N_kappa_max_mean,0.001128683784528078
N_O_H_mean,0.0011267696775234515
C_S_kappa_max_max,0.0011257182765427231
N_C_surface_area_max,0.0011253237798279701
O_O_H_std,0.0011217102143060145
N_N_volume_median,0.0011178399054586922
O_O_surface_area_mean,0.0011173887359875632
C_S_H_median,0.0011163457009265006
O_C_volume_min,0.0011129119176746163
O_C_kappa_min_std,0.0011055444014452286
H_S_surface_area_median,0.001105404079044335
C_O_K_sum,0.0011026025329102654
N_N_kappa_max_std,0.0011015033289624124
H_N_kappa_min_min,0.0011012393785249724
C_S_kappa_max_mean,0.0011006895168765684
O_S_K_max,0.0011002248907683735
H_S_volume_max,0.0010990977686493658
N_O_volume_sum,0.0010961363865773202
H_S_volume_sum,0.0010943629990073094
O_N_surface_area_max,0.0010905832998068061
N_N_H_min,0.0010892082771975231
N_C_volume_min,0.001085891287677989
C_S_kappa_min_std,0.001081568505482775
N_S_K_max,0.0010810244729445111
O_C_volume_max,0.0010784806915132106
H_S_kappa_min_sum,0.0010779669905172672
O_S_volume_median,0.0010773358746864726
O_O_volume_median,0.00107718246889093
H_S_volume_min,0.0010769985493373072
C_S_surface_area_max,0.0010758636063400656
O_C_volume_sum,0.001070281498077409
N_S_kappa_min_median,0.001066408836943146
S_O_surface_area_median,0.0010659104848305353
O_N_kappa_min_std,0.0010633920116521686
N_C_K_mean,0.001060718932515039
H_N_volume_mean,0.0010593131807651408
S_O_K_median,0.0010545663952114355
N_O_H_min,0.00105317048931172
O_S_surface_area_median,0.001051733500123221
N_S_H_mean,0.0010498179611707953
N_C_kappa_min_mean,0.0010493865305769344
C_S_volume_min,0.0010462053552769133
O_N_H_mean,0.0010456799871304185
S_N_surface_area_mean,0.0010426495575226757
O_S_K_min,0.00104124804866652
O_C_K_median,0.0010359682090672186
S_C_kappa_min_max,0.0010322459363668927
N_C_surface_area_median,0.0010312786430209948
H_S_volume_mean,0.001028626322082842
C_S_volume_sum,0.0010271134313722017
C_S_surface_area_std,0.001026313952576201
O_S_surface_area_std,0.0010258812262465826
N_N_H_sum,0.001025745788398749
S_O_kappa_min_sum,0.0010248553318297751
O_O_volume_mean,0.0010245089753623507
H_N_K_std,0.0010219796278046463
H_N_K_sum,0.00102189932443232
O_S_kappa_min_mean,0.0010191366635957466
C_S_kappa_min_median,0.0010185717147092762
C_S_H_std,0.0010175313834071354
C_S_K_std,0.0010151491521265207
H_S_kappa_min_max,0.0010144812848959005
O_O_volume_min,0.001013825875956901
N_C_kappa_min_sum,0.0010107162596750495
N_C_kappa_max_median,0.0010097437871661023
N_C_K_std,0.0010084812609948708
H_S_kappa_min_median,0.0010079113675362911
H_S_surface_area_sum,0.0010073235585597372
H_S_kappa_max_max,0.0010060144836808664
C_N_K_mean,0.0010043824070414935
O_S_surface_area_max,0.0010009172111214942
C_S_H_min,0.0010001413326918387
O_S_surface_area_mean,0.0009991547131454018
H_S_H_std,0.000995786763386044
C_N_volume_median,0.0009951731930801443
S_O_kappa_min_mean,0.0009941449348955984
O_C_volume_median,0.0009930325658355711
H_S_H_min,0.0009911208943564039
S_O_H_mean,0.000990371164731186
H_O_surface_area_std,0.0009902991411706856
O_S_volume_sum,0.0009862001530982515
S_O_H_sum,0.0009857911046952585
H_S_H_median,0.0009851954172921799
H_S_kappa_max_std,0.0009835458601050976
H_N_kappa_min_std,0.0009788349705122104
C_S_kappa_min_min,0.0009786293091577887
H_N_kappa_min_sum,0.0009773332749706042
O_S_H_median,0.0009672313070916371
N_O_kappa_min_std,0.0009652963776772109
O_S_kappa_max_min,0.000962122162019151
C_S_K_sum,0.0009554376045747434
O_S_volume_std,0.0009456632487361829
C_S_volume_std,0.0009444579870674842
H_S_kappa_min_std,0.0009403218868833685
N_N_K_max,0.0009381572541847714
S_O_K_mean,0.0009379841538391378
O_S_H_std,0.0009357087170538682
H_S_H_mean,0.0009344285991217282
O_S_surface_area_min,0.0009312969732780166
O_N_volume_mean,0.0009285585543370962
O_S_volume_max,0.000925668427980392
S_O_kappa_max_max,0.000922802145759245
S_N_surface_area_median,0.0009209127556401607
N_N_K_sum,0.00091778454993853
O_S_kappa_min_median,0.0009170051296015101
N_O_volume_min,0.0009151317634401846
O_O_kappa_min_std,0.0009146203959069704
N_S_volume_std,0.0009063053265899088
C_S_volume_mean,0.0009055453058336074
C_S_surface_area_sum,0.0009026376874230283
N_S_volume_sum,0.0009009690971462784
C_S_K_mean,0.0008970763360419423
N_C_kappa_min_std,0.0008947445804909778
O_S_kappa_min_max,0.0008924712241501242
O_S_H_mean,0.000882395166465181
H_S_K_std,0.0008817049566428358
S_O_surface_area_mean,0.0008791105730330145
N_S_H_max,0.0008769609484938432
N_N_surface_area_max,0.0008751262201146635
O_S_kappa_max_median,0.0008667982355170507
N_S_surface_area_sum,0.0008653051417698649
O_S_kappa_min_min,0.0008644685226946778
S_C_kappa_min_min,0.0008625399505027942
S_N_surface_area_sum,0.000856340217395402
O_S_K_mean,0.000854138862465195
N_S_kappa_min_std,0.000853225900399939
H_S_surface_area_std,0.0008517660264213128
N_S_K_min,0.0008494420189579893
O_S_K_std,0.0008488495029339868
N_S_volume_median,0.0008477978362101871
O_S_kappa_max_max,0.0008405437795604851
N_S_kappa_max_median,0.000838488133107932
O_N_volume_min,0.0008365039038390358
O_S_volume_mean,0.0008360535436423725
N_S_surface_area_mean,0.0008322444153800669
S_C_K_max,0.0008237051524191655
N_S_kappa_max_max,0.0008218625580759727
N_N_kappa_min_std,0.0008169375786201877
O_S_H_min,0.0008137552974792122
O_S_kappa_max_mean,0.000813632089336469
N_S_H_sum,0.0008123057322216863
H_S_K_min,0.0008111568708695101
O_S_K_median,0.0008069633971382681
S_C_kappa_min_median,0.0008064606850673802
O_S_kappa_min_std,0.0008049717921620137
S_O_volume_std,0.0008028992033636314
N_S_kappa_min_sum,0.0007968699213362741
C_S_K_median,0.0007875821164085393
S_O_kappa_min_min,0.000786001758476893
H_S_K_median,0.000782009341664026
S_C_kappa_max_median,0.0007803526837665284
H_S_volume_std,0.0007781572445534955
N_S_kappa_min_min,0.0007768711395055513
S_C_surface_area_mean,0.0007711227062954638
N_C_H_std,0.0007705268554378024
N_O_H_std,0.0007659600554504928
N_S_volume_max,0.0007621007607330945
S_O_volume_min,0.0007594943979978351
H_S_surface_area_max,0.0007567567297082007
N_S_K_median,0.0007560768620575985
S_O_K_max,0.0007500982175038637
H_S_surface_area_mean,0.0007408043364244109
N_S_H_median,0.0007402127548009137
O_S_surface_area_sum,0.0007346755105147411
S_O_kappa_min_median,0.0007305796480335174
S_C_H_min,0.0007240813062050336
N_S_kappa_max_mean,0.0007234824644948456
N_C_kappa_max_std,0.0007209774022512958
N_S_volume_mean,0.0007169423511709948
N_S_K_sum,0.0007095508689130505
S_C_K_sum,0.0007078271410448326
N_S_kappa_min_max,0.0007055819463923484
S_O_kappa_max_mean,0.0007055180180711911
S_N_volume_median,0.0006952669911784369
S_C_kappa_min_sum,0.0006922428888603453
S_N_K_sum,0.0006895014934878314
N_S_surface_area_max,0.000675111280607337
N_S_volume_min,0.0006716028917450517
P_O_volume_median,0.0006708902682068469
N_N_H_std,0.0006696642127612636
S_C_K_mean,0.0006659107139122201
N_S_kappa_max_std,0.0006528177443006716
S_O_H_median,0.0006489775845907135
N_S_kappa_min_mean,0.0006387923564366259
S_C_H_sum,0.0006290211794550716
N_S_H_std,0.0006241426340308668
S_O_kappa_max_min,0.000619098887045405
N_S_H_min,0.000618337942230079
S_C_K_std,0.0006087741073712488
N_S_kappa_max_min,0.000590087463377755
N_N_K_std,0.0005859376573845867
S_O_volume_mean,0.0005782299602218365
N_S_K_mean,0.0005778871222123592
S_C_surface_area_median,0.0005742847203510688
S_O_surface_area_max,0.0005698172737880649
S_N_K_mean,0.0005656820229079269
S_N_H_sum,0.0005607497928160317
N_S_K_std,0.0005556466028551942
S_N_H_median,0.0005543334282569917
S_C_surface_area_min,0.0005523237795294749
P_N_volume_median,0.0005461357008889027
N_S_surface_area_std,0.0005459843278249216
S_N_kappa_min_min,0.0005447558204689968
S_N_kappa_min_median,0.0005433326623059823
S_C_kappa_max_min,0.0005385261351725784
S_O_H_max,0.0005378781461107856
P_S_volume_std,0.0005352235236655684
S_C_volume_median,0.0005257852544284136
S_N_volume_mean,0.0005210918162889719
S_C_kappa_max_mean,0.0005070178043907354
Cl_O_surface_area_mean,0.0005020374339304083
P_N_surface_area_min,0.000500306231230196
S_O_K_sum,0.0004994741001967681
S_N_kappa_min_max,0.000499239823505631
S_N_kappa_min_mean,0.000498574764941136
P_N_H_max,0.0004961535592668794
P_O_surface_area_mean,0.0004910963102137527
P_O_H_sum,0.0004895141444717074
S_N_K_median,0.00048793345831144096
N_S_kappa_max_sum,0.000487219401521747
P_O_K_max,0.0004852799997455127
S_N_kappa_max_mean,0.0004763311137588154
S_O_kappa_max_median,0.0004729219262699465
S_N_surface_area_std,0.0004652424271913339
P_N_H_median,0.0004592608768719672
S_N_volume_min,0.00045723703377617
S_O_volume_max,0.00045624090837791895
P_O_kappa_max_median,0.00045415707348017725
S_N_H_min,0.0004541335348038808
S_S_K_max,0.0004533477086920936
P_N_kappa_max_max,0.00044948645238994167
P_C_volume_std,0.0004478024447457169
S_N_K_max,0.0004465135565272586
P_N_H_mean,0.00044620001703867126
S_S_kappa_max_mean,0.00044419665364766204
P_O_volume_std,0.0004352129901461046
S_C_H_max,0.00043015593600028763
S_N_H_max,0.00042725061323553077
P_N_kappa_max_sum,0.0004254378700095993
P_O_K_mean,0.0004237038098333409
P_S_kappa_min_median,0.0004219621294799311
P_N_kappa_max_median,0.0004217314704259578
S_C_kappa_min_mean,0.00042005109424215293
S_N_kappa_max_median,0.0004189576328748598
S_C_H_mean,0.00041840169699151425
S_O_volume_median,0.0004179820253086851
P_N_K_mean,0.00041440736606109495
S_N_K_min,0.0004141516661906159
P_N_K_max,0.00041131387051258087
S_C_surface_area_max,0.00040934151551678526
P_N_surface_area_mean,0.0004040669980329949
S_C_K_min,0.0004035802535373174
P_N_kappa_max_min,0.0004034259083653531
S_C_surface_area_std,0.00040196110390046716
P_N_K_min,0.0003996541548574439
S_C_surface_area_sum,0.0003943549847344766
P_O_volume_min,0.0003874499435907541
S_O_kappa_min_max,0.0003859758542543624
S_N_kappa_max_min,0.000382867719591534
P_C_volume_max,0.0003815645491507227
P_O_kappa_max_max,0.0003809009041137067
P_N_volume_mean,0.00037909682047078993
P_O_kappa_min_std,0.0003788198562294626
P_N_surface_area_sum,0.0003713033295175914
P_O_volume_mean,0.0003683136493857788
P_O_surface_area_median,0.00036462106415903397
P_O_kappa_max_std,0.00036256818654116285
P_N_kappa_min_max,0.0003620729050895371
P_O_H_mean,0.0003551965693535552
S_O_surface_area_min,0.00035266759885723065
Cl_N_kappa_max_median,0.0003510781971838102
S_C_H_median,0.00035000931604241617
S_N_volume_sum,0.0003427623794581068
P_N_K_median,0.00033928679678177506
S_O_surface_area_std,0.00033822177452789726
S_S_kappa_max_max,0.00033638001942895877
S_C_K_median,0.00033502472386780246
P_C_surface_area_median,0.00033343387761521916
P_O_surface_area_max,0.0003325562564611179
P_O_surface_area_std,0.0003319763572619192
P_N_H_min,0.0003289672792844679
P_S_surface_area_sum,0.0003283207911339841
S_C_volume_std,0.00032297125611370974
P_C_surface_area_min,0.00032087790702025926
P_S_volume_min,0.00032016585873408506
P_O_K_min,0.00031942009987966834
P_S_kappa_min_mean,0.0003174618865062894
P_C_surface_area_sum,0.00031341234127864174
P_O_surface_area_min,0.0003116516075323412
P_S_volume_sum,0.00031070728019901207
P_C_kappa_max_min,0.00031054351214196543
S_N_kappa_min_sum,0.0003092456608769899
S_N_volume_std,0.0003064937122768501
S_S_kappa_min_sum,0.00030645240592166756
S_S_surface_area_min,0.0003064138399415468
P_O_kappa_max_sum,0.00030630313333189816
P_N_kappa_min_median,0.0003031944111428038
S_S_H_min,0.00029947145961439997
P_N_kappa_min_mean,0.00029926882186998385
P_O_surface_area_sum,0.0002991034658348482
P_C_H_max,0.00029843637947987196
S_N_H_mean,0.000297425747109843
S_C_volume_max,0.00029622152319046393
S_N_surface_area_max,0.00029513157854344895
P_C_H_median,0.00029472754310566
S_N_volume_max,0.00029099626517666526
S_S_K_sum,0.0002903828639576029
S_N_kappa_max_sum,0.0002887240080975623
P_C_K_sum,0.00028824689940224564
P_N_K_sum,0.00028794313625692136
S_S_kappa_min_max,0.00028651602095962087
P_C_surface_area_std,0.00028231567461363226
P_C_kappa_max_median,0.00027930381664976003
P_O_K_median,0.00027909353797251024
P_C_volume_sum,0.0002739320761308693
S_C_volume_min,0.0002729711562185245
P_O_K_std,0.0002720832965960325
P_O_kappa_max_min,0.0002716034964216936
S_S_surface_area_std,0.00026918103485082677
P_N_kappa_min_min,0.0002668593532557084
P_S_H_max,0.0002667079138846519
S_O_kappa_max_sum,0.00026576669569515146
P_C_kappa_min_mean,0.00026555583954722086
Cl_C_surface_area_mean,0.00026548614909669555
S_S_kappa_max_min,0.00026521694082018047
F_N_kappa_max_max,0.0002645148016613189
P_S_H_min,0.0002638674572485912
P_C_kappa_min_max,0.0002635273827406356
P_N_H_sum,0.0002635017336591102
S_C_kappa_max_max,0.0002632190638199393
P_O_kappa_min_max,0.000261507027764366
P_O_kappa_max_mean,0.00025752063549472446
P_C_K_mean,0.0002512237954198196
S_S_kappa_max_median,0.0002497904856829288
Cl_S_surface_area_sum,0.00024830927806181267
P_C_kappa_max_mean,0.00024755094295904155
P_S_kappa_max_mean,0.00024352556175715666
P_S_H_median,0.00024272633662196513
P_N_kappa_max_mean,0.0002395904344239859
P_O_kappa_min_median,0.00023941541141420762
P_C_surface_area_mean,0.00023936138522928893
P_O_kappa_min_mean,0.0002385995025712686
P_C_K_median,0.00023636034197299018
S_O_volume_sum,0.0002363289238946131
P_S_K_min,0.0002352125786015113
S_S_volume_mean,0.0002335007354515209
P_N_volume_sum,0.00023344855072155915
S_S_kappa_min_mean,0.0002328842923587068
P_S_surface_area_median,0.00023212075500201172
P_S_kappa_max_min,0.00023174382791431205
P_C_K_min,0.000231403344022601
Cl_N_volume_max,0.00023121284705268283
S_S_H_sum,0.00023115099550969113
P_N_volume_max,0.0002305658909562212
P_C_kappa_min_sum,0.0002304367276403935
P_O_volume_max,0.00022934930202048816
S_S_surface_area_sum,0.00022555940777356837
P_C_H_std,0.00022492021562661347
P_S_K_sum,0.0002246535765744197
S_C_volume_sum,0.0002245598553290935
S_S_H_mean,0.00022277839077667854
P_S_kappa_max_sum,0.00022275249755740367
F_N_K_min,0.00022272574010692605
Cl_N_kappa_max_max,0.00022180392324030882
P_O_H_max,0.00022168847005704848
P_N_kappa_min_sum,0.00022105191916102268
F_N_kappa_max_min,0.00022088677347052209
Cl_S_volume_mean,0.00022047783286014626
S_S_kappa_min_min,0.00022039815403175343
F_O_kappa_max_sum,0.00021865420508159497
S_S_K_median,0.00021806479414373815
P_N_volume_std,0.00021725466679095308
Cl_O_H_min,0.00021653461614259256
Cl_C_kappa_min_sum,0.00021386912846353427
P_S_kappa_min_sum,0.00021305057046799516
P_S_surface_area_std,0.00021270902908233132
F_O_H_sum,0.00021211573914794941
P_S_kappa_min_std,0.0002110401704631663
Cl_S_kappa_max_sum,0.00021072441478417976
P_S_K_median,0.00020824859184107484
Cl_N_kappa_max_mean,0.00020730991175931969
P_O_H_median,0.0002071376277378445
F_O_surface_area_min,0.00020644069202005626
P_C_H_min,0.00020462608614154113
P_S_H_sum,0.00020429120593161177
S_S_kappa_max_sum,0.00020333677098000838
P_O_H_min,0.00020320211439701666
S_C_volume_mean,0.00020259993577402357
Cl_N_surface_area_max,0.00020055103878320924
Cl_O_kappa_max_sum,0.00019884846624929636
S_S_surface_area_mean,0.00019640893944058782
P_S_kappa_max_median,0.00019375238192277018
F_C_surface_area_max,0.00019370146064277225
S_S_K_mean,0.00019280986143714783
P_C_kappa_max_max,0.00019276277984052803
F_N_K_mean,0.00019213200992703055
Cl_C_volume_mean,0.00019034569891949484
S_S_volume_sum,0.0001890864329444526
F_N_H_max,0.00018606922313634555
P_C_volume_min,0.000184777007276392
P_O_volume_sum,0.00018410728979952133
Cl_O_K_sum,0.00018403037559135672
Cl_C_surface_area_max,0.00018363151809458545
S_S_volume_median,0.00018333239855982902
F_C_surface_area_mean,0.00018267829306043118
P_C_H_sum,0.00018251147836111385
P_O_K_sum,0.00018158508595524604
Cl_C_surface_area_median,0.00018051369158364719
P_C_volume_mean,0.0001804072133231477
Cl_C_volume_min,0.00017903491867232222
S_N_kappa_max_max,0.00017901581182155899
P_N_surface_area_max,0.00017818356413890518
S_S_K_min,0.00017622662686039625
F_O_kappa_min_max,0.0001745816731258938
F_C_K_median,0.00017422381065999753
Cl_N_volume_mean,0.00017043906221077346
S_S_H_median,0.00016970888289550833
P_C_kappa_max_std,0.00016846662694236278
F_O_kappa_max_median,0.00016830198317453374
F_N_kappa_min_max,0.0001679850296701896
P_C_kappa_min_min,0.0001672469595457241
Cl_S_volume_max,0.00016562594044251176
Cl_C_surface_area_min,0.00016555472900421948
P_N_surface_area_median,0.00016387381438911233
P_S_H_mean,0.0001634177353013191
S_O_surface_area_sum,0.0001621690421981782
F_C_K_sum,0.0001604395771779062
Cl_C_H_std,0.00016036981400465388
P_C_kappa_min_median,0.00016024323489789594
F_O_volume_sum,0.0001599258129643366
F_N_surface_area_sum,0.00015964002357016127
Cl_C_K_median,0.0001595506539678305
P_C_volume_median,0.00015850607458673183
Cl_O_volume_median,0.00015721411130790243
P_N_surface_area_std,0.00015703755793901916
Cl_N_surface_area_std,0.0001563700037185589
Cl_N_surface_area_mean,0.0001559893863413177
F_O_surface_area_std,0.0001545724901228053
S_C_H_std,0.00015447541633504326
P_O_kappa_min_sum,0.000154283134087515
F_N_volume_min,0.00015391143398455452
P_C_K_max,0.0001529110113671798
Cl_C_volume_median,0.00015287623556848633
F_N_kappa_min_mean,0.00015247225412286643
Cl_S_kappa_max_mean,0.00015212806204673932
F_O_kappa_min_min,0.00015198288967786404
F_N_volume_sum,0.00015149430236245664
S_O_K_std,0.00015138367134203326
Cl_S_surface_area_std,0.00015069829378103915
F_C_H_median,0.0001502934555199733
Cl_O_volume_std,0.00014981682848966605
Cl_C_kappa_min_min,0.00014941454514119936
F_O_volume_max,0.00014785768202936443
F_O_H_mean,0.0001476969322161474
P_S_kappa_min_min,0.00014708755671200837
Cl_N_kappa_max_sum,0.00014655677736649092
P_N_volume_min,0.0001462650705436643
P_S_volume_median,0.00014616743825199825
P_N_K_std,0.0001459170824375107
P_N_H_std,0.0001452833803217654
F_O_K_sum,0.00014527164870385676
F_O_K_median,0.00014448300296994674
Cl_C_kappa_max_max,0.0001444646834565746
Cl_N_surface_area_median,0.00014317247275037184
Cl_N_kappa_min_min,0.00014207985437996682
Cl_N_kappa_min_median,0.00014135545939560732
P_C_kappa_max_sum,0.000141268218455689
F_S_kappa_max_max,0.00014077671200239073
P_S_kappa_max_max,0.00014068036809271182
P_S_K_max,0.0001399059661573918
Cl_C_volume_max,0.00013919724328010171
Cl_S_H_min,0.00013799987423787467
Cl_O_kappa_max_mean,0.00013568088244572243
F_N_surface_area_median,0.00013556559011658882
P_S_volume_mean,0.00013507595777425367
P_S_surface_area_min,0.00013438422327802696
P_O_kappa_min_min,0.00013399099673003044
Cl_N_H_sum,0.00013385916885228784
F_N_surface_area_min,0.00013290291509377952
F_C_kappa_max_min,0.00013270601169758828
S_S_H_max,0.00013244094536058967
Cl_C_kappa_min_median,0.00013224466818473923
Cl_O_volume_sum,0.00013089471999480574
S_S_volume_std,0.00013080735940894852
P_S_kappa_min_max,0.00013064584486441054
Cl_S_surface_area_max,0.0001305851551981618
P_C_surface_area_max,0.00013031217593334113
Cl_C_surface_area_sum,0.00012971470426803168
Cl_C_kappa_min_std,0.0001292750924081143
F_N_H_min,0.00012757534287875357
S_S_kappa_min_median,0.00012694185656492515
F_C_kappa_max_max,0.0001262667443597948
F_N_K_sum,0.00012618103703014442
Cl_O_surface_area_sum,0.00012559026089528936
F_N_volume_median,0.00012543207471956986
F_S_surface_area_mean,0.0001253059384233336
P_C_kappa_min_std,0.0001251447272116889
Cl_C_volume_std,0.00012508301217559558
P_S_surface_area_max,0.00012507417091825527
P_S_K_mean,0.0001237999952017017
F_O_volume_std,0.0001235074906188502
S_S_volume_min,0.00012242496830699084
F_S_K_min,0.00012229446720635914
Cl_O_surface_area_std,0.00012184268390831745
Cl_N_volume_std,0.00012152053913048157
F_N_H_sum,0.00012017962840410622
F_S_kappa_min_median,0.00011923560026611144
F_O_kappa_min_median,0.00011916444049654371
Cl_O_kappa_min_median,0.0001186963116218904
S_S_surface_area_median,0.00011865253402294597
Cl_O_surface_area_max,0.00011781540630365619
Cl_S_K_min,0.00011704180119677566
F_O_H_max,0.00011675417990363896
Cl_S_surface_area_min,0.00011669848264296565
P_C_H_mean,0.00011637730188210884
P_C_K_std,0.00011600909951590628
F_O_K_min,0.00011539363961747605
S_S_volume_max,0.00011532774343236529
S_O_kappa_max_std,0.00011454175087202874
S_S_surface_area_max,0.00011430625582648346
Cl_C_kappa_min_max,0.00011414938176720802
F_N_H_median,0.0001126440362564973
F_N_kappa_max_median,0.00011196694367244363
F_O_kappa_min_mean,0.0001108167640580718
Cl_C_volume_sum,0.00011074887269972038
F_C_kappa_max_median,0.00011018349931631967
F_C_kappa_min_min,0.00011010964901907793
Cl_C_H_sum,0.00011004195085646947
F_N_kappa_max_mean,0.00010912077328043607
Cl_O_K_max,0.00010871553253047549
Cl_S_H_max,0.0001084107145516164
F_N_H_mean,0.00010822175201631851
Cl_N_kappa_min_std,0.00010807345502395284
Cl_C_kappa_max_min,0.00010793263929193919
F_N_kappa_min_min,0.00010769444854448132
F_O_surface_area_sum,0.00010736843884579665
Cl_N_H_min,0.00010681132940904609
Cl_S_volume_median,0.00010607983267047048
F_C_surface_area_median,0.00010590797722550049
F_S_H_max,0.00010567901603384766
P_S_surface_area_mean,0.00010540703609960741
F_N_K_max,0.00010497904729392245
Br_N_kappa_min_max,0.00010441125321315319
Cl_S_kappa_min_sum,0.00010407659041508436
F_O_kappa_min_sum,0.00010368084649833891
Cl_N_kappa_max_min,0.00010351991345915749
Cl_S_volume_min,0.00010344683800982783
Cl_O_volume_max,0.00010304647339139069
Cl_N_kappa_max_std,0.00010281346595712754
S_O_kappa_min_std,0.00010096452845483484
Cl_O_volume_min,0.00010050017201911158
Cl_C_K_std,0.00010003424989965223
F_O_kappa_max_max,0.00010000214053729016
F_O_kappa_min_std,9.943051565407699e-05
Cl_N_H_max,9.93061577489507e-05
F_C_volume_median,9.912948640863592e-05
F_O_kappa_max_mean,9.885310497127581e-05
Cl_C_H_max,9.871499495904636e-05
Cl_N_volume_sum,9.838018187592384e-05
F_C_kappa_max_sum,9.834778065842854e-05
F_S_volume_std,9.81048863867909e-05
F_C_volume_min,9.796061711440087e-05
Cl_C_surface_area_std,9.775106096296006e-05
F_N_volume_max,9.77027604471537e-05
F_N_kappa_min_std,9.662550496784138e-05
Cl_S_kappa_min_max,9.637286532511058e-05
Cl_O_surface_area_min,9.520850218413698e-05
Cl_N_K_mean,9.39977136415013e-05
Br_C_surface_area_min,9.370738854629474e-05
Cl_C_K_min,9.335402490441355e-05
Cl_C_kappa_max_std,9.278511122900367e-05
F_C_volume_mean,9.209886453006605e-05
Cl_N_kappa_min_sum,9.189857708736384e-05
F_S_kappa_max_median,9.175808182475884e-05
F_C_kappa_min_max,9.078616658763119e-05
Br_C_H_sum,9.022985515287822e-05
Cl_O_H_sum,9.005689240290405e-05
F_S_surface_area_std,8.96596987751673e-05
Cl_O_kappa_max_median,8.899069548632134e-05
Cl_N_K_max,8.811724686336164e-05
Cl_O_H_mean,8.747437241535635e-05
S_O_H_std,8.693244690315789e-05
S_N_K_std,8.422289137375638e-05
F_S_kappa_max_mean,8.408438253576041e-05
Cl_S_kappa_min_median,8.392923124739705e-05
Br_O_volume_mean,8.339377278228144e-05
S_N_H_std,8.326868291747943e-05
F_O_volume_median,8.319935100877935e-05
Cl_O_surface_area_median,8.232025383713234e-05
F_O_surface_area_mean,8.225505410472823e-05
F_C_surface_area_std,8.215743756884022e-05
P_O_H_std,8.214724014290712e-05
F_O_H_min,8.206138649326115e-05
Cl_O_H_max,8.203801651343583e-05
F_N_kappa_max_std,8.196708484179485e-05
P_S_K_std,8.165823821018595e-05
F_N_surface_area_max,8.132454266171306e-05
Cl_C_H_median,8.105236807713173e-05
F_O_K_std,7.945727661345017e-05
Cl_C_K_mean,7.92953273953382e-05
Cl_S_volume_sum,7.898117246092439e-05
Br_O_kappa_max_sum,7.885157837460531e-05
F_O_volume_mean,7.81533427617199e-05
Br_N_kappa_max_mean,7.785103052121706e-05
Cl_N_volume_min,7.765371822870418e-05
F_C_K_min,7.612368507957371e-05
Cl_O_K_mean,7.59105328804051e-05
Cl_O_K_median,7.579947129509079e-05
Cl_C_kappa_min_mean,7.559172297166516e-05
Cl_O_volume_mean,7.538612999936392e-05
P_N_kappa_min_std,7.511150211063945e-05
F_N_kappa_max_sum,7.454511161901123e-05
Cl_N_K_median,7.412450295093446e-05
Cl_S_volume_std,7.320946362189356e-05
F_C_K_mean,7.29526351794437e-05
Cl_C_kappa_max_sum,7.285168840215343e-05
Cl_N_surface_area_min,7.277876144540614e-05
F_C_surface_area_min,7.223714993540337e-05
F_C_kappa_max_mean,7.218048742384073e-05
Cl_O_kappa_max_min,7.196060576741492e-05
Cl_C_kappa_max_median,7.1608296738494e-05
Cl_C_H_min,7.148520306125085e-05
F_S_volume_max,7.117329622325139e-05
Cl_S_H_median,7.093954114378467e-05
P_S_volume_max,7.089937541233485e-05
Br_N_H_min,7.059434856889286e-05
Br_C_H_median,7.014188548428848e-05
Cl_O_kappa_min_std,7.013279466856125e-05
F_O_H_median,6.989500511761326e-05
F_O_K_mean,6.982147686078767e-05
Cl_S_kappa_min_min,6.839246513238509e-05
F_C_H_sum,6.755202818209554e-05
Cl_N_kappa_min_mean,6.631738962113076e-05
F_N_K_std,6.626508201837431e-05
Cl_C_kappa_max_mean,6.56788618253321e-05
Cl_S_K_mean,6.567120750927276e-05
F_N_kappa_min_median,6.547202809134025e-05
Cl_N_H_median,6.480838450536023e-05
Cl_S_surface_area_mean,6.458119573616511e-05
Cl_C_K_max,6.276761045117227e-05
F_C_H_min,6.266474212528825e-05
S_C_kappa_max_std,6.214134598466754e-05
Cl_N_kappa_min_max,6.179469845696696e-05
F_C_volume_std,6.160417029143377e-05
Cl_O_K_std,6.159063094296787e-05
Cl_N_K_min,6.121672322082087e-05
F_N_K_median,6.121211332896119e-05
F_S_H_mean,6.0864711771643305e-05
F_S_volume_median,6.00965243233257e-05
Br_O_surface_area_sum,6.0080874146891395e-05
Cl_O_kappa_min_min,5.998657665539788e-05
F_C_kappa_min_sum,5.991750274304562e-05
F_S_surface_area_sum,5.943679491587312e-05
F_N_volume_std,5.90614185719184e-05
P_S_kappa_max_std,5.877731724278556e-05
Cl_O_K_min,5.867894616017174e-05
Br_O_surface_area_std,5.8592403108652474e-05
Br_S_K_mean,5.837593566394012e-05
Br_N_H_max,5.832007865709402e-05
Cl_S_surface_area_median,5.8236425174586025e-05
Br_S_kappa_max_sum,5.809422692840523e-05
Br_N_volume_min,5.802726913466338e-05
Br_C_kappa_min_mean,5.763600411940316e-05
F_C_K_std,5.7572915319751136e-05
Br_O_surface_area_min,5.716218994011209e-05
F_S_K_mean,5.5747488039123064e-05
Cl_N_K_sum,5.527384770625986e-05
F_N_surface_area_std,5.429886885867815e-05
Cl_C_K_sum,5.4021167260974355e-05
Br_N_kappa_min_min,5.314700555334539e-05
Cl_O_kappa_min_mean,5.314610016561233e-05
Cl_O_kappa_min_sum,5.2355466251150396e-05
Br_O_K_sum,5.176795767342541e-05
Cl_N_H_mean,5.1613604917636356e-05
F_C_kappa_min_median,5.1271461674825124e-05
Br_S_H_median,5.118398332531365e-05
F_C_volume_max,5.087016690327007e-05
Br_O_surface_area_max,5.06954824739895e-05
F_C_H_max,4.969966858294636e-05
F_S_H_min,4.922941403651347e-05
Cl_S_kappa_max_max,4.869959019424337e-05
Br_C_kappa_max_min,4.854566531488198e-05
Br_N_kappa_max_median,4.8452761163323095e-05
Cl_N_surface_area_sum,4.803260739391377e-05
Br_S_volume_std,4.801236960212458e-05
Cl_S_K_median,4.779776247918151e-05
F_C_surface_area_sum,4.7512394468493706e-05
F_O_H_std,4.730052732436535e-05
Cl_S_K_sum,4.6819665569375e-05
Cl_S_H_sum,4.661734679522674e-05
F_S_kappa_max_min,4.657225772546722e-05
Br_S_kappa_max_median,4.6361985076871716e-05
F_S_kappa_max_sum,4.6301458977662235e-05
F_S_K_std,4.552517076938681e-05
Br_C_volume_median,4.524038553484534e-05
Br_O_volume_min,4.498006369416572e-05
Cl_O_kappa_min_max,4.482636534239331e-05
Cl_S_kappa_min_mean,4.403983405433374e-05
P_N_kappa_max_std,4.399975587658478e-05
Br_S_surface_area_std,4.312204213046863e-05
Br_N_K_sum,4.30805096719254e-05
Br_S_surface_area_min,4.218600473177543e-05
F_S_surface_area_min,4.20590593396558e-05
F_O_kappa_max_min,4.159466894222888e-05
F_N_kappa_min_sum,4.157554763656405e-05
Br_C_kappa_max_mean,4.117960080696022e-05
Br_N_H_std,4.092174917549904e-05
Cl_S_kappa_max_std,4.059220809850976e-05
S_C_kappa_min_std,4.054817832922146e-05
Br_O_K_median,4.019869256274881e-05
F_N_volume_mean,3.9930164275597105e-05
S_N_kappa_min_std,3.971410201051454e-05
Br_C_H_min,3.9451898586739725e-05
F_C_volume_sum,3.9106992769322846e-05
Cl_S_kappa_max_median,3.890267789121027e-05
Br_S_K_sum,3.886498412590667e-05
Br_N_K_max,3.829963885667636e-05
F_O_kappa_max_std,3.780724930999535e-05
Br_O_kappa_max_min,3.758846539184639e-05
Br_O_kappa_min_max,3.7459888440304014e-05
P_S_H_std,3.744984265332942e-05
Cl_S_K_max,3.710885546138074e-05
Br_O_volume_std,3.6933249729743605e-05
F_O_volume_min,3.661618304881429e-05
Cl_O_kappa_max_max,3.650052893655846e-05
Br_O_H_median,3.619738818126091e-05
S_S_kappa_min_std,3.6065262362023194e-05
Br_C_surface_area_median,3.567302065704949e-05
S_S_H_std,3.5577336425575795e-05
Br_O_kappa_max_max,3.485866166806784e-05
Br_N_H_sum,3.455446816642259e-05
F_S_kappa_min_min,3.366600555221531e-05
Br_N_kappa_min_mean,3.328152284157546e-05
F_O_surface_area_median,3.281203634294039e-05
Br_C_kappa_max_max,3.237317174305719e-05
Br_C_K_median,3.2361443372366535e-05
F_O_K_max,3.083351373261522e-05
Cl_N_K_std,2.997947374518188e-05
S_N_kappa_max_std,2.9693549720284747e-05
Br_O_K_min,2.906907916654291e-05
Br_O_K_mean,2.8667247838078014e-05
Cl_S_K_std,2.8306076312676305e-05
F_C_kappa_min_std,2.72716707469067e-05
F_N_surface_area_mean,2.6540068210691002e-05
I_C_surface_area_std,2.6425614687414625e-05
F_S_volume_min,2.6054902723127378e-05
F_C_K_max,2.557457042844038e-05
S_S_kappa_max_std,2.5445017032596285e-05
Br_O_volume_sum,2.531914874831775e-05
Cl_C_H_mean,2.5294683748212297e-05
Br_N_volume_std,2.5052500160570973e-05
F_N_H_std,2.491873029139485e-05
Br_C_volume_std,2.4909153194414617e-05
Br_O_H_mean,2.4870398260781657e-05
F_S_volume_mean,2.4835597677244727e-05
Br_O_H_min,2.4728212526274073e-05
Cl_S_H_mean,2.4227497029627044e-05
Br_N_surface_area_median,2.4068462287577736e-05
I_N_kappa_min_mean,2.3973941329669655e-05
F_S_K_median,2.3955832204388765e-05
Br_C_volume_sum,2.360324329485776e-05
F_S_kappa_min_mean,2.328560190541112e-05
Br_C_K_mean,2.3281616647686296e-05
Br_N_volume_max,2.304178028976252e-05
Br_N_surface_area_sum,2.2975491186024084e-05
Br_C_surface_area_mean,2.2955177320930772e-05
Cl_S_H_std,2.278283842906041e-05
Br_S_H_min,2.2593914675241024e-05
Br_C_surface_area_max,2.253596176683921e-05
Br_O_K_max,2.2514097708994987e-05
F_C_kappa_max_std,2.2419533312345223e-05
F_S_H_median,2.2264678697514553e-05
Br_N_kappa_max_min,2.177691764944388e-05
Br_N_kappa_min_sum,2.163409092487202e-05
F_S_kappa_min_max,2.1600879096498277e-05
Cl_S_kappa_max_min,2.1575949896410274e-05
F_S_kappa_min_sum,2.152724134491675e-05
F_S_K_sum,2.144012789002421e-05
Br_S_H_max,2.138125092621093e-05
Br_S_kappa_min_mean,2.1026602538618397e-05
F_C_kappa_min_mean,2.057441133678843e-05
F_S_H_sum,2.0307001226961692e-05
Br_N_kappa_max_sum,2.0286958762857465e-05
Br_N_surface_area_max,1.9534605051318143e-05
F_S_volume_sum,1.941008993329226e-05
Cl_N_volume_median,1.9290646431791793e-05
Br_N_surface_area_mean,1.891796460968928e-05
Br_N_K_min,1.8870739185488047e-05
Br_C_surface_area_sum,1.87323099025094e-05
Br_C_kappa_min_max,1.8694954966385033e-05
F_S_kappa_min_std,1.8302804317678936e-05
F_S_K_max,1.8133827400989473e-05
Br_S_kappa_min_min,1.80487923789455e-05
F_C_H_std,1.7660119589897918e-05
Br_N_surface_area_std,1.716714323053311e-05
Br_N_K_mean,1.704187824921173e-05
Br_C_kappa_min_sum,1.660871198842499e-05
Br_N_volume_median,1.653212998047451e-05
Br_S_kappa_max_min,1.6323035504729452e-05
I_S_volume_min,1.6174404226268307e-05
Br_N_K_std,1.6150346534894096e-05
Br_S_K_median,1.6038813789687047e-05
I_N_kappa_min_sum,1.5849881775425792e-05
Br_O_H_max,1.564758563025424e-05
Br_O_kappa_min_mean,1.5013154729338525e-05
Br_N_kappa_min_median,1.5010506662638123e-05
Cl_O_H_median,1.4935675087079976e-05
Cl_S_kappa_min_std,1.4515103312796126e-05
F_C_H_mean,1.4447969724066397e-05
F_S_surface_area_median,1.4283267842273045e-05
F_S_surface_area_max,1.4190081282494383e-05
Br_C_volume_max,1.3703786103413405e-05
Br_S_volume_max,1.3538314615934121e-05
F_O_surface_area_max,1.3111850910702014e-05
Br_S_kappa_min_max,1.147006627240063e-05
Br_N_surface_area_min,1.119786508743919e-05
Br_S_surface_area_max,9.726074308611066e-06
F_S_H_std,9.632733584017064e-06
F_S_kappa_max_std,9.615824565987105e-06
Br_O_volume_max,9.54495679350202e-06
I_S_kappa_max_median,9.485814775262575e-06
Br_N_K_median,8.671844787812438e-06
Br_O_kappa_max_std,8.56250414206854e-06
Br_S_volume_median,8.164278566138715e-06
Br_C_surface_area_std,8.071402215752372e-06
Br_N_kappa_max_max,7.862907525424688e-06
Cl_N_H_std,7.570469053507189e-06
Br_S_kappa_max_mean,7.2335932326535135e-06
Br_O_surface_area_mean,7.22959406223831e-06
Cl_O_H_std,6.73411729945952e-06
Br_O_kappa_max_mean,6.508800158294129e-06
I_O_surface_area_sum,6.261363605210949e-06
Br_O_kappa_min_min,5.987804144649862e-06
Br_N_H_median,5.97405814791204e-06
Br_C_kappa_max_median,5.786810073009926e-06
Br_S_surface_area_sum,5.779210794204554e-06
I_C_kappa_min_min,5.7523480111968095e-06
I_O_kappa_min_median,5.505340346263167e-06
Br_S_volume_sum,5.454194516574073e-06
I_S_kappa_min_median,5.189003199002604e-06
I_O_kappa_min_max,4.998312901635908e-06
Br_S_kappa_max_std,4.761635730476367e-06
Br_C_volume_min,4.715841900956099e-06
Br_S_K_max,4.564500236658566e-06
Br_O_kappa_min_median,4.526379073701568e-06
S_S_K_std,4.441806678565035e-06
Br_C_volume_mean,4.424909593276551e-06
Br_N_H_mean,4.347624509277206e-06
I_O_kappa_max_mean,4.334798047846451e-06
Br_O_H_sum,4.313224904934852e-06
Br_C_K_min,4.198491685822249e-06
Br_C_K_sum,4.187155665175921e-06
Br_O_kappa_max_median,4.124068630764207e-06
Br_S_H_mean,4.0165057489977655e-06
I_C_K_mean,3.7674903274793547e-06
Br_O_surface_area_median,3.5523514444841286e-06
Cl_O_kappa_max_std,3.4081224503896393e-06
Br_S_H_sum,3.284404032077205e-06
Br_O_volume_median,3.2488945529137657e-06
Br_S_K_min,3.133670207942031e-06
I_O_H_min,3.1317847688790856e-06
Br_S_K_std,2.9457426752640887e-06
I_S_K_mean,2.9339806560181323e-06
Br_S_volume_mean,2.2192843828613783e-06
I_S_H_sum,2.2056833293408934e-06
Br_S_kappa_max_max,2.1928181538966726e-06
Br_O_K_std,2.135780204010233e-06
Br_O_kappa_min_sum,2.1104735534737596e-06
Br_C_kappa_min_median,2.083508521984887e-06
Br_S_kappa_min_sum,2.017971142341488e-06
I_O_K_sum,2.0106219960832405e-06
I_N_H_min,1.961131887536147e-06
Br_S_surface_area_median,1.8191331683786537e-06
I_S_surface_area_median,1.7191318184551724e-06
Br_C_H_mean,1.6759677855040836e-06
Br_S_volume_min,1.601551403299912e-06
Br_C_H_std,1.5747428534854277e-06
Br_C_kappa_max_sum,1.5460287869618808e-06
I_C_K_max,1.538567914138583e-06
I_O_volume_median,1.4461279214415381e-06
I_S_kappa_max_max,1.3171521226011503e-06
I_O_K_mean,1.2573655194563767e-06
I_S_K_median,1.2003433194420115e-06
I_N_volume_median,1.0326830383118927e-06
I_O_surface_area_median,9.696386720745909e-07
Br_C_kappa_min_min,9.095589637553502e-07
I_N_volume_mean,8.660529187118535e-07
Br_C_K_max,8.222289071203382e-07
I_S_volume_max,7.644870043534632e-07
I_N_surface_area_max,7.108151905369748e-07
I_N_surface_area_mean,6.84360903903743e-07
I_C_surface_area_median,5.544557917384193e-07
Br_O_kappa_min_std,5.455734404079275e-07
Br_N_volume_mean,5.428357784232227e-07
I_S_K_max,5.252660581181498e-07
Br_N_volume_sum,5.067751103608547e-07
I_S_H_median,4.766062641909814e-07
I_C_volume_std,4.6364681216917257e-07
I_O_H_max,4.5756078213632594e-07
I_S_K_sum,4.511288152563139e-07
I_O_volume_sum,4.2787364943781204e-07
Br_S_surface_area_mean,3.8329600981100035e-07
Br_S_kappa_min_median,3.6905358745566283e-07
Br_C_kappa_min_std,3.6683331403720085e-07
I_S_surface_area_mean,3.5705807850373246e-07
I_C_H_min,3.2921186223368077e-07
I_N_K_median,3.26232691539827e-07
I_N_kappa_max_max,3.2609558114547044e-07
I_O_surface_area_std,3.2564390413220805e-07
I_S_kappa_min_sum,3.249806922314884e-07
I_C_surface_area_mean,3.126732073052997e-07
I_O_kappa_max_median,3.0871708809591806e-07
I_S_volume_sum,3.050449017465457e-07
I_O_H_mean,2.889362503200625e-07
I_O_kappa_min_mean,2.8490334886939804e-07
I_N_surface_area_sum,2.8327959172423877e-07
I_O_surface_area_mean,2.530054268267979e-07
I_N_K_min,2.388550904220031e-07
I_N_kappa_max_sum,2.387150115449554e-07
I_N_volume_std,2.3574109905118436e-07
I_O_volume_min,2.181356459274357e-07
I_C_K_median,2.1582578949981645e-07
I_C_surface_area_min,2.1144092215802077e-07
Br_C_kappa_max_std,1.8627040172938612e-07
I_C_kappa_max_sum,1.8563217856724602e-07
I_C_K_min,1.8320728392378403e-07
I_O_volume_max,1.648581487671136e-07
I_N_H_median,1.4985610149049686e-07
I_O_surface_area_min,1.4947067817738109e-07
I_S_kappa_min_min,1.4620156861201484e-07
I_S_surface_area_min,1.4316057548769096e-07
I_O_K_max,1.3848298001469485e-07
I_O_volume_mean,1.365756345928909e-07
Br_C_H_max,1.2127908290441034e-07
I_O_kappa_max_sum,1.1981977558918016e-07
I_S_volume_median,1.1771747698475462e-07
I_C_kappa_max_median,1.1231359291073713e-07
I_O_K_median,1.077981972541909e-07
I_C_kappa_max_min,1.0671585850284078e-07
I_N_volume_max,1.064146683813191e-07
I_C_H_mean,1.0246582397254906e-07
I_C_volume_sum,1.0172348232636142e-07
I_S_volume_mean,9.391829295623497e-08
I_C_kappa_max_mean,8.266157912726961e-08
I_C_volume_min,7.413770081696855e-08
I_N_volume_min,7.118770021039382e-08
I_S_H_mean,6.985491302094979e-08
I_C_kappa_min_std,6.551280346661749e-08
I_S_kappa_min_mean,6.466439422277836e-08
I_S_kappa_max_mean,6.335035242063493e-08
I_O_kappa_max_min,6.158257545737611e-08
I_S_K_min,6.14314353867774e-08
Br_O_H_std,6.116758946853148e-08
I_C_kappa_max_max,6.098035491935537e-08
I_N_kappa_min_median,5.500962818598652e-08
I_N_kappa_max_median,5.252979580923571e-08
I_C_K_sum,4.3819019652782544e-08
I_S_surface_area_std,4.366383679761756e-08
I_O_volume_std,4.280462361559621e-08
I_C_kappa_min_median,3.929724416747888e-08
I_O_H_median,3.8366605368243946e-08
I_N_H_sum,3.8231607640218417e-08
I_C_kappa_min_max,3.49438657268096e-08
I_C_H_std,3.4566290399883334e-08
I_S_surface_area_sum,3.3202168599808795e-08
I_N_surface_area_median,3.041368268351797e-08
I_C_H_max,2.9878048574629534e-08
I_C_volume_max,2.982567667502507e-08
I_S_volume_std,2.980466464637207e-08
I_O_surface_area_max,2.819375038445123e-08
I_N_kappa_max_min,2.8142895846979894e-08
I_O_K_min,2.5949794977249322e-08
I_N_kappa_min_max,2.535173372520927e-08
I_N_K_mean,2.534017414418133e-08
I_S_kappa_min_max,2.4282072217536353e-08
I_N_kappa_max_mean,2.2489344130888078e-08
I_N_H_max,2.199715257810875e-08
I_C_volume_mean,2.046078303554558e-08
I_N_volume_sum,1.933405373319995e-08
I_S_surface_area_max,1.9286542886035465e-08
I_N_surface_area_min,1.8826833787789537e-08
I_N_surface_area_std,1.721638014060424e-08
I_O_kappa_max_std,1.6490568570241876e-08
I_C_H_sum,1.6350745332155722e-08
I_C_H_median,1.604800605453134e-08
I_C_surface_area_sum,1.5406252736485665e-08
I_S_kappa_max_sum,1.4003733917092328e-08
I_C_kappa_min_sum,1.1927219977244457e-08
I_O_H_sum,1.190993859139149e-08
I_C_volume_median,7.597127944801466e-09
I_N_K_max,6.9845655690738476e-09
I_N_kappa_min_min,6.9735947520697175e-09
I_O_kappa_max_max,6.929478011869537e-09
I_N_K_sum,5.68695778213684e-09
I_S_H_max,5.015517557502329e-09
I_N_H_mean,4.648763450841165e-09
I_O_kappa_min_min,3.69606462896747e-09
Br_S_H_std,3.529915607973048e-09
I_N_kappa_max_std,2.279797747423669e-09
Br_S_kappa_min_std,1.8264272895243554e-09
Br_C_K_std,1.4260800193759942e-09
I_S_kappa_max_min,1.0579101594214145e-09
I_C_surface_area_max,9.787676899846822e-10
I_O_H_std,7.542633518561204e-10
I_O_kappa_min_sum,4.780102427744142e-10
I_C_kappa_min_mean,3.882867347317054e-10
Br_N_kappa_max_std,6.066262774779676e-12
Br_N_kappa_min_std,0.0
I_O_K_std,0.0
I_S_kappa_max_std,0.0
I_N_kappa_min_std,0.0
I_C_K_std,0.0
I_O_kappa_min_std,0.0
I_N_K_std,0.0
I_S_H_min,0.0
I_C_kappa_max_std,0.0
I_S_H_std,0.0
I_N_H_std,0.0
I_S_K_std,0.0
I_S_kappa_min_std,0.0
